model,exceedance
AS,0.9999999999966662
DB,7.558524118862381e-14
VS,7.558524795882154e-14
SG,7.558523716253425e-14
ASG,3.1070373746222924e-12
