model,exceedance
AS,0.24061175121796755
DB,0.14253275408811872
VS,0.14249271063989763
SG,0.16769853107620347
ASG,0.30666425297781263
