feature,anova_F,anova_p,kruskal_H,kruskal_p,mean_cluster_0,mean_cluster_1,mean_cluster_2,anova_p_fdr,anova_p_reject_fdr,kruskal_p_fdr,kruskal_p_reject_fdr
initial_eps_soc,1.1657597118959357,0.31494725400433105,2.239996208505043,0.3262804131677237,13.736757157418287,11.870597344764615,12.368279563461785,0.3816744187070147,0.0,0.4350405508902983,0.0
eta_eps_soc,212.61371785859063,1.4627125217450403e-41,88.0491393270701,7.592281934445134e-20,0.04951417618566216,0.006871182605398703,0.24061326285306023,3.900566724653441e-41,1.0,5.56316937330203e-19,1.0
final_eps_soc,1.1060957740810693,0.33396511636863785,0.48398563021982,0.7850618181144431,13.560945882019093,11.841681549088186,10.954794667141641,0.3816744187070147,0.0,0.8972135064165064,0.0
volatility,257.3099256688762,9.471920288737857e-46,86.83848630196178,1.3907923433255074e-19,0.04857625694754978,0.006970414779757064,0.24755450841433121,7.577536230990286e-45,1.0,5.56316937330203e-19,1.0
reward_sensitivity,0.007770993850071329,0.9922595867272365,0.009623588752447176,0.9951997637604457,-0.42755675068027815,-0.4248878940299718,-0.42576869970347025,0.9922595867272365,0.0,0.9951997637604457,0.0
early_slope,29.495809592554046,2.8255552630905955e-11,14.163651267252645,0.0008402377809487785,-0.003654964021874775,-0.00031915815281939125,-0.028598181298519633,4.520888420944953e-11,1.0,0.0013443804495180457,1.0
mid_stability,189.31676078077862,4.217376914558907e-39,82.48272385509227,1.2277334505442607e-18,0.03254847052759495,0.004519743532406687,0.21118478969024768,8.434753829117814e-39,1.0,3.2739558681180285e-18,1.0
late_offset,240.6149318846026,2.9424446417849655e-44,76.51672421649738,2.42440097353037e-17,-0.08839571365580817,-0.013103395874778996,-0.6181608875224676,1.1769778567139862e-43,1.0,4.84880194706074e-17,1.0
