Model,Individual_PXP,Social_PXP,Individual_Rank,Social_Rank,Individual_PXP_Formatted,Social_PXP_Formatted,Individual_Winner,Social_Winner
AS,0.9999999999966662,0.2406117512179675,1,2,1.000000,0.240612,True,False
DB,7.558524118862381e-14,0.1425327540881187,4,4,7.56e-14,0.142533,False,False
VS,7.558524795882154e-14,0.1424927106398976,3,5,7.56e-14,0.142493,False,False
SG,7.558523716253425e-14,0.1676985310762034,5,3,7.56e-14,0.167699,False,False
ASG,3.1070373746222924e-12,0.3066642529778126,2,1,3.11e-12,0.306664,False,True
