parameter,test,t_statistic,p_value,cohens_d,effect_size
initial_eps_soc,independent_t_test,-11.185330191639267,5.311189087882916e-24,-1.3768189703850229,large
eta_eps_soc,independent_t_test,1.5962340724049564,0.11164197921187116,0.19648283192433827,small
